"Date","Price","Open","High","Low","Vol.","Change %"
"03/02/2023","1,433.19","1,425.59","1,434.42","1,410.21","","0.40%"
"03/01/2023","1,427.52","1,432.67","1,442.30","1,424.51","","-0.31%"
"02/28/2023","1,431.94","1,428.52","1,439.46","1,424.78","","0.42%"
"02/27/2023","1,425.93","1,414.53","1,434.99","1,413.99","","0.89%"
"02/24/2023","1,413.35","1,438.69","1,440.32","1,403.82","","-1.66%"
"02/23/2023","1,437.22","1,427.31","1,444.40","1,418.34","","0.71%"
"02/22/2023","1,427.09","1,415.24","1,431.90","1,411.63","","0.67%"
"02/21/2023","1,417.62","1,453.40","1,453.67","1,415.63","","-2.63%"
"02/20/2023","1,455.92","1,455.16","1,457.72","1,453.20","","0.10%"
"02/17/2023","1,454.48","1,465.95","1,466.59","1,444.25","","-1.13%"
"02/16/2023","1,471.14","1,483.13","1,488.34","1,459.24","","-0.44%"
"02/15/2023","1,477.61","1,459.02","1,478.39","1,451.61","","1.11%"
"02/14/2023","1,461.39","1,447.67","1,467.26","1,433.31","","1.36%"
"02/13/2023","1,441.80","1,428.75","1,447.50","1,428.20","","0.55%"
"02/10/2023","1,433.93","1,452.79","1,455.99","1,426.12","","-1.47%"
"02/09/2023","1,455.34","1,472.12","1,491.81","1,450.91","","-1.07%"
"02/08/2023","1,471.10","1,484.14","1,496.65","1,469.81","","-0.85%"
"02/07/2023","1,483.69","1,477.83","1,487.63","1,459.21","","0.54%"
"02/06/2023","1,475.73","1,494.54","1,495.61","1,469.88","","-1.55%"
"02/03/2023","1,498.98","1,515.22","1,518.44","1,484.05","","-1.05%"
"02/02/2023","1,514.87","1,479.57","1,525.35","1,478.24","","2.79%"
"02/01/2023","1,473.78","1,430.26","1,483.45","1,429.99","","3.01%"
"01/31/2023","1,430.70","1,402.76","1,431.38","1,398.49","","1.85%"
"01/30/2023","1,404.76","1,429.56","1,563.13","1,403.36","","-1.61%"
"01/27/2023","1,427.78","1,413.08","1,433.71","1,408.09","","1.25%"
"01/26/2023","1,410.20","1,391.88","1,414.09","1,391.40","","1.38%"
"01/25/2023","1,390.98","1,399.39","1,400.24","1,367.26","","-0.53%"
"01/24/2023","1,398.39","1,408.21","1,410.81","1,393.81","","-0.29%"
"01/23/2023","1,402.48","1,374.82","1,403.62","1,374.06","","2.39%"
"01/20/2023","1,369.75","1,348.44","1,371.70","1,348.02","","1.58%"
"01/19/2023","1,348.39","1,370.75","1,371.29","1,344.68","","-1.84%"
"01/18/2023","1,373.68","1,375.01","1,403.84","1,371.10","","-0.12%"
"01/17/2023","1,375.37","1,363.60","1,376.47","1,359.41","","0.99%"
"01/16/2023","1,361.93","1,367.50","1,368.31","1,357.41","","-0.36%"
"01/13/2023","1,366.90","1,356.46","1,367.50","1,345.35","","0.72%"
"01/12/2023","1,357.14","1,340.36","1,359.87","1,331.68","","1.43%"
"01/11/2023","1,337.96","1,317.00","1,338.58","1,316.01","","2.02%"
"01/10/2023","1,311.52","1,311.16","1,312.32","1,299.63","","0.01%"
"01/09/2023","1,311.45","1,287.67","1,325.52","1,287.00","","2.21%"
"01/06/2023","1,283.15","1,261.94","1,288.35","1,254.60","","1.78%"
"01/05/2023","1,260.69","1,281.45","1,285.18","1,259.64","","-1.64%"
"01/04/2023","1,281.65","1,264.18","1,287.73","1,263.15","","1.37%"
"01/03/2023","1,264.37","1,267.17","1,290.00","1,256.85","","0.03%"
"01/02/2023","1,263.93","1,256.27","1,265.53","1,255.58","","0.74%"
"12/30/2022","1,254.60","1,260.02","1,260.61","1,245.70","","-0.22%"
"12/29/2022","1,257.31","1,228.94","1,259.03","1,226.77","","2.35%"
"12/28/2022","1,228.49","1,236.78","1,241.35","1,225.51","","-0.90%"
"12/27/2022","1,239.67","1,251.21","1,254.22","1,235.94","","-0.75%"
"12/26/2022","1,249.07","1,250.07","1,251.38","1,248.90","","0.01%"
"12/23/2022","1,248.93","1,249.44","1,253.90","1,238.12","","-0.28%"
"12/22/2022","1,252.40","1,281.41","1,282.77","1,237.24","","-2.04%"
"12/21/2022","1,278.51","1,264.22","1,282.42","1,264.00","","0.89%"
"12/20/2022","1,267.25","1,266.02","1,274.66","1,257.00","","-0.10%"
"12/19/2022","1,268.49","1,286.66","1,291.22","1,265.50","","-1.47%"
"12/16/2022","1,287.47","1,302.73","1,303.50","1,282.51","","-1.41%"
"12/15/2022","1,305.92","1,346.18","1,347.36","1,303.00","","-3.22%"
"12/14/2022","1,349.38","1,354.19","1,362.67","1,339.96","","-0.27%"
"12/13/2022","1,353.03","1,325.55","1,384.23","1,324.53","","2.11%"
"12/12/2022","1,325.12","1,307.93","1,325.39","1,305.05","","1.16%"
"12/09/2022","1,309.98","1,315.91","1,320.77","1,309.22","","-0.03%"
"12/08/2022","1,310.37","1,289.66","1,316.88","1,287.92","","1.42%"
"12/07/2022","1,291.98","1,298.04","1,301.48","1,286.38","","-0.75%"
"12/06/2022","1,301.79","1,326.86","1,327.90","1,294.68","","-2.18%"
"12/05/2022","1,330.80","1,360.62","1,361.19","1,324.24","","-1.79%"
"12/02/2022","1,355.07","1,354.27","1,361.08","1,336.61","","-0.08%"
"12/01/2022","1,356.09","1,336.09","1,363.59","1,334.33","","2.32%"
"11/30/2022","1,325.36","1,293.72","1,331.22","1,291.53","","2.36%"
"11/29/2022","1,294.82","1,306.75","1,308.37","1,291.44","","-0.96%"
"11/28/2022","1,307.32","1,330.27","1,331.76","1,302.03","","-1.98%"
"11/25/2022","1,333.66","1,335.85","1,336.26","1,327.34","","-0.24%"
"11/24/2022","1,336.82","1,331.18","1,338.56","1,329.51","","0.95%"
"11/23/2022","1,324.23","1,309.58","1,329.23","1,306.91","","1.25%"
"11/22/2022","1,307.94","1,300.11","1,309.12","1,295.86","","0.78%"
"11/21/2022","1,297.84","1,313.53","1,314.91","1,294.90","","-1.56%"
"11/18/2022","1,318.36","1,316.60","1,334.43","1,312.55","","0.26%"
"11/17/2022","1,314.98","1,331.06","1,336.88","1,305.19","","-1.39%"
"11/16/2022","1,333.45","1,362.66","1,365.90","1,330.08","","-2.15%"
"11/15/2022","1,362.80","1,341.81","1,371.29","1,339.43","","1.51%"
"11/14/2022","1,342.56","1,362.60","1,364.41","1,336.63","","-1.62%"
"11/11/2022","1,364.62","1,324.31","1,370.90","1,321.61","","3.88%"
"11/10/2022","1,313.70","1,221.86","1,315.47","1,212.91","","7.30%"
"11/09/2022","1,224.30","1,249.66","1,252.56","1,222.03","","-2.03%"
"11/08/2022","1,249.65","1,235.27","1,263.61","1,231.65","","1.43%"
"11/07/2022","1,232.02","1,222.62","1,236.18","1,218.71","","1.02%"
"11/04/2022","1,219.57","1,205.54","1,230.90","1,204.18","","1.09%"
"11/03/2022","1,206.47","1,222.59","1,222.73","1,199.01","","-1.52%"
"11/02/2022","1,225.05","1,263.55","1,264.53","1,222.34","","-2.88%"
"11/01/2022","1,261.38","1,258.79","1,287.58","1,258.68","","0.30%"
"10/31/2022","1,257.59","1,265.11","1,266.45","1,248.08","","-0.33%"
"10/28/2022","1,261.73","1,255.11","1,263.10","1,238.53","","0.25%"
"10/27/2022","1,258.58","1,257.03","1,272.93","1,247.13","","0.25%"
"10/26/2022","1,255.38","1,247.21","1,275.94","1,242.51","","0.67%"
"10/25/2022","1,247.07","1,216.52","1,248.69","1,212.00","","2.64%"
"10/24/2022","1,215.05","1,208.48","1,216.47","1,196.08","","0.99%"
"10/21/2022","1,203.14","1,185.26","1,209.43","1,174.68","","1.13%"
"10/20/2022","1,189.71","1,186.00","1,207.40","1,182.86","","-0.05%"
"10/19/2022","1,190.35","1,207.35","1,208.25","1,184.78","","-1.42%"
"10/18/2022","1,207.53","1,191.96","1,226.07","1,189.35","","1.63%"
"10/17/2022","1,188.15","1,152.90","1,194.81","1,150.92","","2.76%"
"10/14/2022","1,156.23","1,181.05","1,194.35","1,154.02","","-1.50%"
"10/13/2022","1,173.89","1,157.53","1,180.17","1,120.63","","1.26%"
"10/12/2022","1,159.32","1,160.35","1,164.08","1,150.76","","-0.16%"
"10/11/2022","1,161.23","1,173.83","1,177.15","1,150.37","","-1.66%"
"10/10/2022","1,180.87","1,204.23","1,205.85","1,173.23","","-2.12%"
"10/07/2022","1,206.40","1,249.27","1,249.92","1,201.17","","-3.70%"
"10/06/2022","1,252.76","1,259.71","1,267.26","1,247.57","","-0.16%"
"10/05/2022","1,254.71","1,265.96","1,266.90","1,233.59","","-0.67%"
"10/04/2022","1,263.20","1,210.93","1,265.46","1,209.83","","4.64%"
"10/03/2022","1,207.23","1,179.23","1,211.99","1,173.65","","2.40%"
"09/30/2022","1,178.99","1,182.60","1,202.79","1,178.43","","-0.55%"
"09/29/2022","1,185.56","1,209.12","1,209.85","1,172.53","","-1.67%"
"09/28/2022","1,205.67","1,180.70","1,213.04","1,175.75","","1.47%"
"09/27/2022","1,188.26","1,181.92","1,202.78","1,178.37","","0.61%"
"09/26/2022","1,181.06","1,185.37","1,207.07","1,178.75","","-1.28%"
"09/23/2022","1,196.32","1,221.19","1,221.84","1,184.52","","-2.13%"
"09/22/2022","1,222.30","1,250.33","1,256.88","1,219.44","","-2.56%"
"09/21/2022","1,254.36","1,260.58","1,284.37","1,253.72","","-0.76%"
"09/20/2022","1,263.91","1,280.64","1,283.14","1,259.57","","-1.15%"
"09/19/2022","1,278.67","1,274.89","1,280.52","1,264.11","","0.15%"
"09/16/2022","1,276.76","1,293.35","1,294.07","1,267.61","","-1.54%"
"09/15/2022","1,296.71","1,307.21","1,317.01","1,292.58","","-1.05%"
"09/14/2022","1,310.46","1,309.03","1,314.54","1,298.49","","-0.44%"
"09/13/2022","1,316.19","1,368.91","1,373.24","1,312.53","","-3.84%"
"09/12/2022","1,368.72","1,350.32","1,369.63","1,349.59","","1.46%"
"09/09/2022","1,348.96","1,321.80","1,350.11","1,320.03","","2.49%"
"09/08/2022","1,316.19","1,303.30","1,316.95","1,287.40","","1.41%"
"09/07/2022","1,297.86","1,279.29","1,302.01","1,273.75","","0.95%"
"09/06/2022","1,285.68","1,294.92","1,297.10","1,280.51","","-0.55%"
"09/05/2022","1,292.74","1,297.15","1,297.44","1,289.30","","-0.51%"
"09/02/2022","1,299.38","1,302.30","1,320.84","1,293.12","","-0.36%"
"09/01/2022","1,304.05","1,337.03","1,338.03","1,286.70","","-3.01%"
"08/31/2022","1,344.50","1,353.78","1,361.76","1,341.49","","-0.59%"
"08/30/2022","1,352.46","1,361.38","1,374.70","1,346.50","","-0.36%"
"08/29/2022","1,357.32","1,368.84","1,370.69","1,356.00","","-1.64%"
"08/26/2022","1,380.01","1,421.33","1,424.10","1,377.88","","-2.80%"
"08/25/2022","1,419.81","1,398.27","1,420.24","1,395.54","","1.58%"
"08/24/2022","1,397.66","1,374.93","1,403.93","1,372.98","","1.55%"
"08/23/2022","1,376.33","1,382.92","1,394.12","1,374.69","","-0.76%"
"08/22/2022","1,386.88","1,426.39","1,426.92","1,383.79","","-2.94%"
"08/19/2022","1,428.88","1,466.87","1,468.15","1,427.23","","-2.93%"
"08/18/2022","1,472.01","1,470.43","1,473.78","1,462.74","","-0.06%"
"08/17/2022","1,472.84","1,502.14","1,503.04","1,467.15","","-1.83%"
"08/16/2022","1,500.23","1,509.62","1,510.77","1,485.64","","-0.75%"
"08/15/2022","1,511.60","1,506.78","1,512.96","1,497.30","","0.35%"
"08/12/2022","1,506.40","1,491.31","1,507.26","1,486.77","","1.20%"
"08/11/2022","1,488.48","1,492.89","1,515.64","1,484.44","","-0.40%"
"08/10/2022","1,494.49","1,441.30","1,494.50","1,437.30","","3.55%"
"08/09/2022","1,443.29","1,473.08","1,473.70","1,437.02","","-2.08%"
"08/08/2022","1,473.98","1,462.08","1,486.21","1,461.67","","0.74%"
"08/05/2022","1,463.09","1,471.87","1,472.76","1,447.87","","-0.51%"
"08/04/2022","1,470.54","1,461.62","1,472.48","1,457.44","","0.88%"
"08/03/2022","1,457.71","1,430.73","1,462.24","1,428.79","","1.94%"
"08/02/2022","1,429.97","1,429.75","1,438.87","1,415.15","","-0.17%"
"08/01/2022","1,432.40","1,425.59","1,440.19","1,411.79","","0.86%"
"07/29/2022","1,420.23","1,405.21","1,423.04","1,399.23","","1.21%"
"07/28/2022","1,403.25","1,388.40","1,405.35","1,373.47","","1.48%"
"07/27/2022","1,382.78","1,344.84","1,390.42","1,343.92","","2.70%"
"07/26/2022","1,346.49","1,371.86","1,372.03","1,343.90","","-1.71%"
"07/25/2022","1,369.91","1,382.13","1,382.45","1,362.88","","-1.13%"
"07/22/2022","1,385.51","1,412.16","1,418.63","1,377.36","","-1.68%"
"07/21/2022","1,409.20","1,391.04","1,410.25","1,386.31","","1.52%"
"07/20/2022","1,388.06","1,353.55","1,389.20","1,352.86","","3.04%"
"07/19/2022","1,347.11","1,311.58","1,347.12","1,309.79","","2.83%"
"07/18/2022","1,310.08","1,306.42","1,331.78","1,305.79","","0.48%"
"07/15/2022","1,303.81","1,276.46","1,304.31","1,275.49","","2.33%"
"07/14/2022","1,274.10","1,291.55","1,292.43","1,257.23","","-1.42%"
"07/13/2022","1,292.48","1,297.34","1,302.11","1,270.71","","-0.40%"
"07/12/2022","1,297.64","1,313.86","1,322.61","1,292.38","","-1.81%"
"07/11/2022","1,321.61","1,355.68","1,355.78","1,318.97","","-2.59%"
"07/08/2022","1,356.69","1,357.09","1,364.38","1,338.42","","0.18%"
"07/07/2022","1,354.19","1,320.00","1,356.09","1,318.41","","2.82%"
"07/06/2022","1,317.05","1,317.97","1,330.86","1,311.01","","0.08%"
"07/05/2022","1,315.96","1,304.31","1,316.96","1,277.76","","0.99%"
"07/04/2022","1,303.05","1,304.45","1,306.97","1,302.63","","0.09%"
"07/01/2022","1,301.88","1,293.20","1,307.63","1,287.11","","0.51%"
"06/30/2022","1,295.26","1,316.39","1,317.83","1,276.98","","-1.87%"
"06/29/2022","1,319.95","1,336.87","1,338.19","1,310.12","","-1.56%"
"06/28/2022","1,340.81","1,369.21","1,378.72","1,340.43","","-2.23%"
"06/27/2022","1,371.37","1,376.84","1,386.03","1,363.16","","-0.05%"
"06/24/2022","1,372.08","1,339.30","1,372.21","1,338.69","","2.84%"
"06/23/2022","1,334.24","1,310.25","1,336.43","1,304.32","","1.75%"
"06/22/2022","1,311.34","1,308.96","1,322.10","1,288.77","","-0.04%"
"06/21/2022","1,311.91","1,298.29","1,326.80","1,295.50","","1.55%"
"06/20/2022","1,291.83","1,288.15","1,291.89","1,286.90","","0.12%"
"06/17/2022","1,290.24","1,272.83","1,299.25","1,272.24","","0.77%"
"06/16/2022","1,280.32","1,330.84","1,331.59","1,276.41","","-3.47%"
"06/15/2022","1,326.35","1,297.76","1,340.41","1,296.88","","1.87%"
"06/14/2022","1,301.96","1,311.33","1,315.15","1,292.22","","-1.09%"
"06/13/2022","1,316.31","1,378.92","1,380.30","1,311.97","","-5.38%"
"06/10/2022","1,391.13","1,435.36","1,436.27","1,387.95","","-3.39%"
"06/09/2022","1,439.88","1,478.53","1,479.12","1,438.22","","-2.53%"
"06/08/2022","1,477.28","1,476.71","1,486.49","1,469.64","","0.21%"
"06/07/2022","1,474.23","1,463.28","1,475.27","1,444.13","","0.46%"
"06/06/2022","1,467.50","1,461.46","1,483.71","1,460.82","","0.47%"
"06/03/2022","1,460.61","1,487.33","1,489.10","1,454.99","","-1.49%"
"06/02/2022","1,482.65","1,438.05","1,484.45","1,434.69","","2.87%"
"06/01/2022","1,441.35","1,453.35","1,469.69","1,432.05","","-0.82%"
"05/31/2022","1,453.24","1,471.02","1,471.74","1,444.33","","-1.28%"
"05/30/2022","1,472.04","1,467.88","1,476.21","1,467.13","","0.97%"
"05/27/2022","1,457.87","1,415.75","1,458.50","1,414.16","","3.34%"
"05/26/2022","1,410.77","1,386.63","1,417.03","1,384.63","","1.77%"
"05/25/2022","1,386.28","1,371.46","1,393.17","1,362.88","","0.96%"
"05/24/2022","1,373.06","1,409.11","1,409.43","1,366.91","","-2.80%"
"05/23/2022","1,412.58","1,401.92","1,415.89","1,395.14","","1.07%"
"05/20/2022","1,397.62","1,396.07","1,417.51","1,373.50","","0.43%"
"05/19/2022","1,391.57","1,368.45","1,403.86","1,360.88","","1.28%"
"05/18/2022","1,374.05","1,403.90","1,406.33","1,368.83","","-1.97%"
"05/17/2022","1,401.61","1,371.86","1,405.95","1,371.27","","2.18%"
"05/16/2022","1,371.75","1,393.18","1,393.85","1,371.25","","-0.97%"
"05/13/2022","1,385.24","1,329.84","1,388.46","1,329.71","","5.00%"
"05/12/2022","1,319.29","1,303.12","1,330.06","1,280.45","","0.78%"
"05/11/2022","1,309.09","1,340.39","1,352.11","1,306.96","","-2.10%"
"05/10/2022","1,337.17","1,327.21","1,358.88","1,312.96","","0.49%"
"05/09/2022","1,330.64","1,390.28","1,391.21","1,328.28","","-4.70%"
"05/06/2022","1,396.25","1,423.11","1,423.69","1,372.32","","-2.02%"
"05/05/2022","1,425.10","1,490.19","1,495.76","1,414.71","","-4.05%"
"05/04/2022","1,485.19","1,454.44","1,490.81","1,437.17","","2.03%"
"05/03/2022","1,455.62","1,456.79","1,463.90","1,445.92","","-0.03%"
"05/02/2022","1,456.06","1,443.60","1,456.07","1,427.35","","0.52%"
"04/29/2022","1,448.51","1,467.76","1,488.80","1,446.49","","-1.15%"
"04/28/2022","1,465.42","1,435.64","1,470.84","1,430.11","","2.11%"
"04/27/2022","1,435.14","1,445.04","1,456.71","1,433.12","","-1.09%"
"04/26/2022","1,450.97","1,498.14","1,499.23","1,450.01","","-2.80%"
"04/25/2022","1,492.74","1,483.09","1,493.10","1,467.70","","0.28%"
"04/22/2022","1,488.63","1,522.63","1,524.31","1,487.71","","-2.59%"
"04/21/2022","1,528.22","1,548.83","1,579.55","1,525.27","","-1.29%"
"04/20/2022","1,548.23","1,554.56","1,565.91","1,547.55","","-0.09%"
"04/19/2022","1,549.57","1,525.36","1,552.55","1,519.60","","1.63%"
"04/18/2022","1,524.70","1,533.62","1,534.95","1,513.34","","-0.98%"
"04/15/2022","1,539.75","1,538.67","1,539.75","1,537.08","","-0.21%"
"04/14/2022","1,542.99","1,572.04","1,576.51","1,542.98","","-1.53%"
"04/13/2022","1,567.03","1,552.07","1,572.46","1,545.51","","1.25%"
"04/12/2022","1,547.73","1,549.24","1,581.20","1,542.61","","-0.37%"
"04/11/2022","1,553.43","1,570.32","1,571.26","1,542.32","","-1.60%"
"04/08/2022","1,578.71","1,596.71","1,602.24","1,577.25","","-1.05%"
"04/07/2022","1,595.53","1,598.35","1,605.06","1,578.26","","-0.66%"
"04/06/2022","1,606.11","1,642.38","1,642.92","1,593.50","","-2.71%"
"04/05/2022","1,650.91","1,690.48","1,692.84","1,645.04","","-2.27%"
"04/04/2022","1,689.30","1,659.44","1,689.48","1,658.55","","2.00%"
"04/01/2022","1,656.18","1,656.07","1,663.15","1,643.89","","-0.31%"
"03/31/2022","1,661.35","1,687.35","1,691.55","1,658.70","","-1.77%"
"03/30/2022","1,691.21","1,715.57","1,717.40","1,686.05","","-1.26%"
"03/29/2022","1,712.87","1,663.58","1,715.93","1,662.77","","3.25%"
"03/28/2022","1,659.01","1,644.10","1,659.47","1,635.37","","0.51%"
"03/25/2022","1,650.60","1,672.71","1,673.54","1,640.47","","-1.31%"
"03/24/2022","1,672.48","1,652.50","1,672.50","1,645.04","","1.14%"
"03/23/2022","1,653.61","1,679.76","1,682.75","1,648.77","","-1.18%"
"03/22/2022","1,673.44","1,649.36","1,677.02","1,644.82","","1.32%"
"03/21/2022","1,651.68","1,663.14","1,666.84","1,637.77","","-0.72%"
"03/18/2022","1,663.65","1,634.02","1,665.02","1,625.91","","1.90%"
"03/17/2022","1,632.66","1,601.16","1,632.71","1,596.71","","2.74%"
"03/16/2022","1,589.18","1,529.61","1,591.12","1,528.35","","4.08%"
"03/15/2022","1,526.89","1,506.03","1,527.22","1,498.56","","1.40%"
"03/14/2022","1,505.77","1,529.09","1,537.17","1,501.54","","-1.68%"
"03/11/2022","1,531.47","1,558.57","1,575.54","1,528.99","","-2.40%"
"03/10/2022","1,569.17","1,590.71","1,594.45","1,555.69","","-0.57%"
"03/09/2022","1,578.21","1,534.77","1,583.03","1,532.04","","2.97%"
"03/08/2022","1,532.67","1,542.48","1,561.05","1,524.52","","-0.89%"
"03/07/2022","1,546.40","1,572.37","1,583.28","1,546.15","","-2.53%"
"03/04/2022","1,586.58","1,622.35","1,623.84","1,581.60","","-2.77%"
"03/03/2022","1,631.82","1,666.08","1,670.49","1,626.94","","-1.74%"
"03/02/2022","1,660.68","1,636.02","1,665.73","1,631.31","","1.13%"
"03/01/2022","1,642.18","1,683.14","1,683.86","1,633.77","","-2.04%"
"02/28/2022","1,676.35","1,645.85","1,682.00","1,643.08","","1.64%"
"02/25/2022","1,649.31","1,626.53","1,649.73","1,615.36","","2.24%"
"02/24/2022","1,613.13","1,578.03","1,617.59","1,530.12","","1.64%"
"02/23/2022","1,587.16","1,610.79","1,627.55","1,585.75","","-1.39%"
"02/22/2022","1,609.46","1,622.39","1,630.72","1,601.24","","-1.16%"
"02/21/2022","1,628.37","1,632.36","1,637.09","1,625.79","","-0.54%"
"02/18/2022","1,637.25","1,655.24","1,658.83","1,631.70","","-1.28%"
"02/17/2022","1,658.49","1,702.55","1,706.80","1,656.69","","-2.86%"
"02/16/2022","1,707.28","1,712.70","1,715.75","1,691.22","","-0.02%"
"02/15/2022","1,707.58","1,666.23","1,709.11","1,665.61","","2.40%"
"02/14/2022","1,667.50","1,685.14","1,687.36","1,661.20","","-1.80%"
"02/11/2022","1,698.00","1,729.69","1,735.26","1,692.13","","-2.10%"
"02/10/2022","1,734.43","1,766.46","1,767.71","1,727.63","","-1.65%"
"02/09/2022","1,763.47","1,721.50","1,763.64","1,720.50","","2.77%"
"02/08/2022","1,716.02","1,699.62","1,718.59","1,691.51","","0.98%"
"02/07/2022","1,699.30","1,698.56","1,717.22","1,695.85","","-0.13%"
"02/04/2022","1,701.47","1,687.38","1,709.94","1,678.27","","1.16%"
"02/03/2022","1,681.98","1,723.33","1,725.05","1,680.07","","-2.87%"
"02/02/2022","1,731.63","1,738.61","1,755.53","1,722.44","","0.14%"
"02/01/2022","1,729.15","1,716.35","1,731.09","1,703.37","","0.99%"
"01/31/2022","1,712.15","1,661.29","1,713.79","1,661.00","","3.54%"
"01/28/2022","1,653.62","1,628.93","1,653.63","1,607.46","","1.81%"
"01/27/2022","1,624.16","1,648.81","1,663.56","1,621.21","","-2.49%"
"01/26/2022","1,665.69","1,670.61","1,708.85","1,655.13","","-0.29%"
"01/25/2022","1,670.61","1,707.10","1,709.83","1,661.54","","-2.81%"
"01/24/2022","1,718.83","1,718.46","1,720.32","1,652.21","","-0.29%"
"01/21/2022","1,723.85","1,754.37","1,757.13","1,723.51","","-2.48%"
"01/20/2022","1,767.61","1,776.50","1,811.21","1,763.26","","-0.40%"
"01/19/2022","1,774.74","1,787.19","1,805.73","1,774.67","","-0.92%"
"01/18/2022","1,791.27","1,824.52","1,828.83","1,789.32","","-1.45%"
"01/17/2022","1,817.59","1,811.30","1,818.16","1,810.64","","0.27%"
"01/14/2022","1,812.69","1,820.28","1,821.97","1,791.84","","-0.65%"
"01/13/2022","1,824.52","1,858.14","1,867.05","1,821.93","","-1.77%"
"01/12/2022","1,857.33","1,860.16","1,879.57","1,851.84","","0.48%"
"01/11/2022","1,848.41","1,816.65","1,851.41","1,813.65","","1.49%"
"01/10/2022","1,821.25","1,835.23","1,837.09","1,785.01","","-0.73%"
"01/07/2022","1,834.60","1,854.61","1,866.77","1,830.57","","-1.14%"
"01/06/2022","1,855.72","1,859.96","1,869.56","1,837.05","","-0.90%"
"01/05/2022","1,872.60","1,923.37","1,926.53","1,870.17","","-2.66%"
"01/04/2022","1,923.85","1,940.79","1,944.50","1,906.21","","-0.62%"
"01/03/2022","1,935.76","1,927.08","1,937.14","1,918.79","","0.39%"
"12/31/2021","1,928.32","1,936.97","1,940.53","1,927.81","","-0.46%"
"12/30/2021","1,937.15","1,933.36","1,949.19","1,930.43","","-0.04%"
"12/29/2021","1,937.93","1,943.77","1,946.01","1,932.99","","-0.35%"
"12/28/2021","1,944.77","1,953.70","1,959.80","1,941.20","","-0.15%"
"12/27/2021","1,947.75","1,930.60","1,948.42","1,929.78","","0.72%"
"12/24/2021","1,933.89","1,933.60","1,934.91","1,932.97","","0.07%"
"12/23/2021","1,932.53","1,920.08","1,936.91","1,919.77","","0.73%"
"12/22/2021","1,918.44","1,900.47","1,919.83","1,897.58","","1.12%"
"12/21/2021","1,897.18","1,859.59","1,898.03","1,858.96","","2.35%"
"12/20/2021","1,853.65","1,878.82","1,880.04","1,844.52","","-1.78%"
"12/17/2021","1,887.21","1,877.21","1,897.18","1,856.93","","0.29%"
"12/16/2021","1,881.69","1,920.92","1,934.20","1,878.00","","-1.77%"
"12/15/2021","1,915.61","1,884.44","1,916.99","1,870.60","","1.84%"
"12/14/2021","1,881.02","1,906.04","1,907.45","1,867.15","","-1.56%"
"12/13/2021","1,910.92","1,923.41","1,925.17","1,900.09","","-0.60%"
"12/10/2021","1,922.36","1,924.50","1,939.11","1,915.08","","-0.11%"
"12/09/2021","1,924.48","1,946.30","1,956.22","1,922.68","","-1.18%"
"12/08/2021","1,947.38","1,936.75","1,950.32","1,921.00","","1.03%"
"12/07/2021","1,927.44","1,879.71","1,936.18","1,876.90","","3.01%"
"12/06/2021","1,871.07","1,863.34","1,876.94","1,843.50","","0.08%"
"12/03/2021","1,869.58","1,901.53","1,910.00","1,855.19","","-1.29%"
"12/02/2021","1,894.06","1,881.36","1,904.02","1,874.45","","0.47%"
"12/01/2021","1,885.29","1,900.90","1,943.66","1,883.89","","-0.58%"
"11/30/2021","1,896.28","1,928.55","1,932.13","1,888.45","","-1.54%"
"11/29/2021","1,925.98","1,902.60","1,931.33","1,899.77","","0.88%"
"11/26/2021","1,909.24","1,936.31","1,938.90","1,903.57","","-1.76%"
"11/25/2021","1,943.43","1,942.23","1,944.22","1,940.64","","-0.02%"
"11/24/2021","1,943.79","1,941.50","1,944.56","1,915.34","","-0.10%"
"11/23/2021","1,945.69","1,969.62","1,971.78","1,930.21","","-1.35%"
"11/22/2021","1,972.31","1,998.87","2,001.74","1,965.82","","-1.25%"
"11/19/2021","1,997.30","2,000.03","2,007.15","1,994.63","","0.06%"
"11/18/2021","1,996.09","2,008.66","2,010.19","1,986.62","","-0.42%"
"11/17/2021","2,004.47","2,016.26","2,020.21","2,004.31","","-0.55%"
"11/16/2021","2,015.62","2,000.15","2,015.80","1,991.75","","0.96%"
"11/15/2021","1,996.38","2,001.35","2,007.06","1,987.21","","0.18%"
"11/12/2021","1,992.80","1,980.18","1,994.17","1,978.32","","0.92%"
"11/11/2021","1,974.61","1,966.68","1,982.48","1,963.99","","0.33%"
"11/10/2021","1,968.12","2,010.16","2,012.61","1,959.35","","-2.23%"
"11/09/2021","2,013.05","2,019.22","2,022.39","2,000.91","","-0.36%"
"11/08/2021","2,020.32","2,005.84","2,024.89","2,004.97","","0.51%"
"11/05/2021","2,010.00","2,025.53","2,027.08","2,004.19","","-0.89%"
"11/04/2021","2,028.14","2,028.14","2,028.84","2,002.74","","1.45%"
"11/03/2021","1,999.08","1,981.26","2,000.60","1,975.19","","0.89%"
"11/02/2021","1,981.41","1,974.58","1,982.51","1,972.90","","0.30%"
"11/01/2021","1,975.54","1,949.08","1,976.23","1,948.40","","1.59%"
"10/29/2021","1,944.61","1,942.97","1,944.72","1,931.10","","0.11%"
"10/28/2021","1,942.39","1,914.12","1,942.44","1,911.27","","1.41%"
"10/27/2021","1,915.29","1,933.81","1,942.34","1,915.24","","-1.15%"
"10/26/2021","1,937.55","1,941.47","1,953.29","1,933.73","","-0.05%"
"10/25/2021","1,938.43","1,924.84","1,943.18","1,922.48","","0.67%"
"10/22/2021","1,925.59","1,938.05","1,944.23","1,924.32","","-0.66%"
"10/21/2021","1,938.38","1,933.58","1,938.49","1,926.76","","0.15%"
"10/20/2021","1,935.40","1,932.95","1,936.47","1,925.14","","0.06%"
"10/19/2021","1,934.22","1,913.99","1,934.68","1,913.24","","1.32%"
"10/18/2021","1,909.07","1,905.71","1,909.60","1,898.54","","0.01%"
"10/15/2021","1,908.92","1,903.96","1,919.08","1,903.39","","0.68%"
"10/14/2021","1,896.01","1,868.71","1,897.17","1,867.09","","1.68%"
"10/13/2021","1,864.66","1,846.26","1,871.55","1,845.24","","1.00%"
"10/12/2021","1,846.18","1,837.52","1,849.48","1,835.18","","0.13%"
"10/11/2021","1,843.79","1,856.80","1,862.97","1,842.53","","-0.49%"
"10/08/2021","1,852.93","1,866.45","1,869.96","1,851.66","","-0.58%"
"10/07/2021","1,863.65","1,835.46","1,873.33","1,833.96","","1.77%"
"10/06/2021","1,831.17","1,833.89","1,836.53","1,811.82","","-0.35%"
"10/05/2021","1,837.56","1,826.48","1,851.42","1,821.41","","0.19%"
"10/04/2021","1,834.15","1,865.68","1,867.97","1,827.19","","-1.93%"
"10/01/2021","1,870.19","1,864.61","1,874.03","1,849.89","","-0.08%"
"09/30/2021","1,871.74","1,872.11","1,884.93","1,870.09","","-0.02%"
"09/29/2021","1,872.14","1,881.06","1,889.66","1,869.61","","-0.96%"
"09/28/2021","1,890.30","1,944.05","1,945.14","1,889.10","","-3.07%"
"09/27/2021","1,950.22","1,961.34","1,963.90","1,939.10","","-0.71%"
"09/24/2021","1,964.13","1,976.35","1,976.81","1,956.14","","-0.37%"
"09/23/2021","1,971.47","1,945.23","1,974.11","1,944.95","","1.29%"
"09/22/2021","1,946.42","1,925.71","1,950.39","1,923.77","","0.73%"
"09/21/2021","1,932.31","1,929.07","1,941.81","1,925.20","","-0.18%"
"09/20/2021","1,935.73","1,972.44","1,972.57","1,922.43","","-1.94%"
"09/17/2021","1,974.02","1,986.32","1,990.38","1,967.32","","-0.48%"
"09/16/2021","1,983.54","1,978.64","1,986.63","1,969.06","","0.01%"
"09/15/2021","1,983.39","1,974.44","1,983.73","1,968.09","","0.39%"
"09/14/2021","1,975.72","1,981.76","1,992.52","1,972.00","","-0.15%"
"09/13/2021","1,978.75","1,984.76","1,993.16","1,968.66","","-0.36%"
"09/10/2021","1,985.96","1,990.16","2,005.17","1,984.87","","0.01%"
"09/09/2021","1,985.80","1,982.56","1,995.92","1,979.75","","-0.02%"
"09/08/2021","1,986.25","2,002.67","2,004.01","1,978.38","","-0.80%"
"09/07/2021","2,002.23","2,017.45","2,019.82","2,001.37","","-0.63%"
"09/06/2021","2,014.92","2,012.25","2,015.61","2,010.88","","0.33%"
"09/03/2021","2,008.29","2,000.72","2,010.04","1,999.61","","0.54%"
"09/02/2021","1,997.56","1,986.85","2,001.74","1,986.49","","0.51%"
"09/01/2021","1,987.40","1,959.63","1,992.72","1,958.27","","1.48%"
"08/31/2021","1,958.37","1,945.91","1,961.03","1,944.84","","0.78%"
"08/30/2021","1,943.22","1,941.38","1,948.42","1,939.34","","0.36%"
"08/27/2021","1,936.30","1,913.14","1,939.81","1,911.38","","1.13%"
"08/26/2021","1,914.74","1,919.76","1,927.68","1,912.92","","-0.30%"
"08/25/2021","1,920.46","1,915.87","1,925.47","1,915.48","","0.18%"
"08/24/2021","1,917.07","1,891.95","1,918.24","1,891.04","","1.55%"
"08/23/2021","1,887.72","1,860.89","1,890.12","1,860.11","","1.88%"
"08/20/2021","1,852.89","1,839.15","1,855.02","1,835.50","","0.56%"
"08/19/2021","1,842.53","1,852.74","1,853.08","1,836.33","","-0.70%"
"08/18/2021","1,855.50","1,857.82","1,871.96","1,855.14","","0.02%"
"08/17/2021","1,855.21","1,873.84","1,875.26","1,847.57","","-1.18%"
"08/16/2021","1,877.41","1,888.94","1,889.89","1,867.18","","-1.02%"
"08/13/2021","1,896.69","1,901.91","1,904.07","1,896.53","","-0.27%"
"08/12/2021","1,901.86","1,893.80","1,903.50","1,892.04","","0.38%"
"08/11/2021","1,894.68","1,898.40","1,904.47","1,885.19","","-0.08%"
"08/10/2021","1,896.29","1,905.28","1,914.00","1,894.15","","-0.38%"
"08/09/2021","1,903.44","1,902.06","1,909.41","1,897.49","","0.13%"
"08/06/2021","1,901.05","1,914.56","1,915.49","1,890.63","","-0.73%"
"08/05/2021","1,915.12","1,894.44","1,915.51","1,893.59","","1.07%"
"08/04/2021","1,894.93","1,892.88","1,900.76","1,890.14","","0.06%"
"08/03/2021","1,893.82","1,892.56","1,897.76","1,881.97","","-0.02%"
"08/02/2021","1,894.12","1,890.52","1,904.07","1,890.30","","0.56%"
"07/30/2021","1,883.54","1,883.30","1,892.26","1,872.22","","-0.14%"
"07/29/2021","1,886.22","1,883.68","1,896.07","1,881.55","","0.45%"
"07/28/2021","1,877.70","1,852.89","1,883.02","1,850.76","","1.12%"
"07/27/2021","1,856.94","1,870.71","1,874.94","1,840.13","","-0.73%"
"07/26/2021","1,870.52","1,878.51","1,879.45","1,867.41","","-0.35%"
"07/23/2021","1,877.00","1,862.78","1,877.65","1,862.07","","0.78%"
"07/22/2021","1,862.56","1,861.63","1,871.43","1,855.98","","0.15%"
"07/21/2021","1,859.75","1,839.80","1,860.68","1,838.41","","1.19%"
"07/20/2021","1,837.80","1,810.52","1,845.68","1,808.12","","1.33%"
"07/19/2021","1,813.60","1,818.00","1,818.93","1,790.38","","-0.59%"
"07/16/2021","1,824.39","1,837.27","1,845.11","1,822.30","","-0.79%"
"07/15/2021","1,838.89","1,855.56","1,856.14","1,827.05","","-1.07%"
"07/14/2021","1,858.84","1,872.85","1,885.62","1,858.76","","-0.84%"
"07/13/2021","1,874.67","1,887.28","1,889.22","1,871.60","","-0.56%"
"07/12/2021","1,885.19","1,899.99","1,901.68","1,881.56","","-0.41%"
"07/09/2021","1,893.00","1,867.92","1,894.46","1,865.79","","0.94%"
"07/08/2021","1,875.32","1,886.96","1,887.83","1,848.42","","-0.77%"
"07/07/2021","1,889.82","1,901.34","1,909.75","1,877.04","","-0.68%"
"07/06/2021","1,902.82","1,901.59","1,903.74","1,889.07","","0.14%"
"07/05/2021","1,900.25","1,899.65","1,900.89","1,897.87","","0.06%"
"07/02/2021","1,899.08","1,897.93","1,910.61","1,895.20","","0.13%"
"07/01/2021","1,896.69","1,900.62","1,903.45","1,888.18","","-0.36%"
"06/30/2021","1,903.58","1,926.84","1,927.40","1,899.54","","-1.20%"
"06/29/2021","1,926.79","1,927.72","1,929.25","1,918.85","","-0.21%"
"06/28/2021","1,930.94","1,917.32","1,932.32","1,915.25","","0.66%"
"06/25/2021","1,918.20","1,914.89","1,924.22","1,910.79","","0.36%"
"06/24/2021","1,911.35","1,898.86","1,918.20","1,898.19","","0.46%"
"06/23/2021","1,902.53","1,896.90","1,910.96","1,895.56","","0.39%"
"06/22/2021","1,895.18","1,880.36","1,897.18","1,877.49","","1.21%"
"06/21/2021","1,872.57","1,862.17","1,877.34","1,852.26","","0.07%"
"06/18/2021","1,871.24","1,891.36","1,893.48","1,865.84","","-1.09%"
"06/17/2021","1,891.84","1,880.99","1,894.15","1,870.51","","0.10%"
"06/16/2021","1,889.99","1,892.88","1,897.35","1,870.38","","-0.35%"
"06/15/2021","1,896.58","1,907.60","1,911.11","1,893.24","","-0.50%"
"06/14/2021","1,906.09","1,894.86","1,908.11","1,894.44","","0.65%"
"06/11/2021","1,893.75","1,884.21","1,893.75","1,883.34","","0.65%"
"06/10/2021","1,881.52","1,872.85","1,884.53","1,867.81","","0.43%"
"06/09/2021","1,873.40","1,887.96","1,892.55","1,872.60","","-0.84%"
"06/08/2021","1,889.19","1,880.06","1,895.72","1,874.66","","0.44%"
"06/07/2021","1,880.97","1,867.51","1,882.06","1,865.07","","0.69%"
"06/04/2021","1,868.00","1,849.96","1,873.60","1,848.89","","0.95%"
"06/03/2021","1,850.44","1,861.07","1,871.34","1,841.42","","-0.43%"
"06/02/2021","1,858.37","1,841.02","1,860.25","1,836.56","","1.03%"
"06/01/2021","1,839.47","1,829.48","1,847.05","1,828.06","","0.57%"
"05/31/2021","1,828.98","1,829.57","1,832.25","1,828.45","","-0.22%"
"05/28/2021","1,833.06","1,830.65","1,850.44","1,829.54","","0.40%"
"05/27/2021","1,825.72","1,816.19","1,827.60","1,810.76","","0.40%"
"05/26/2021","1,818.41","1,803.73","1,821.23","1,802.89","","0.80%"
"05/25/2021","1,803.91","1,799.19","1,811.82","1,799.00","","0.38%"
"05/24/2021","1,797.17","1,785.41","1,802.06","1,783.75","","0.65%"
"05/21/2021","1,785.55","1,784.01","1,801.00","1,782.82","","0.33%"
"05/20/2021","1,779.69","1,749.45","1,782.75","1,748.45","","1.67%"
"05/19/2021","1,750.47","1,759.40","1,759.63","1,728.27","","-0.44%"
"05/18/2021","1,758.12","1,748.91","1,773.12","1,748.35","","0.82%"
"05/17/2021","1,743.76","1,752.74","1,756.76","1,735.74","","-0.67%"
"05/14/2021","1,755.56","1,720.99","1,759.71","1,719.32","","2.29%"
"05/13/2021","1,716.23","1,714.76","1,735.19","1,704.28","","-0.19%"
"05/12/2021","1,719.45","1,757.20","1,767.31","1,716.23","","-2.48%"
"05/11/2021","1,763.18","1,761.14","1,766.17","1,724.71","","-0.52%"
"05/10/2021","1,772.46","1,807.95","1,808.61","1,772.00","","-1.80%"
"05/07/2021","1,804.98","1,788.12","1,816.73","1,787.76","","1.02%"
"05/06/2021","1,786.69","1,795.64","1,796.77","1,772.27","","-0.45%"
"05/05/2021","1,794.82","1,789.70","1,806.03","1,788.23","","0.26%"
"05/04/2021","1,790.19","1,827.23","1,828.03","1,774.56","","-2.18%"
"05/03/2021","1,830.02","1,843.67","1,853.71","1,829.04","","-0.82%"
"04/30/2021","1,845.20","1,874.45","1,875.03","1,841.65","","-1.53%"
"04/29/2021","1,873.85","1,893.13","1,898.87","1,864.55","","-0.90%"
"04/28/2021","1,890.95","1,901.50","1,902.20","1,886.29","","-0.66%"
"04/27/2021","1,903.55","1,920.10","1,920.69","1,900.26","","-0.84%"
"04/26/2021","1,919.68","1,899.25","1,921.11","1,897.20","","1.42%"
"04/23/2021","1,892.76","1,871.81","1,897.88","1,870.15","","1.05%"
"04/22/2021","1,873.15","1,874.45","1,889.99","1,866.87","","0.34%"
"04/21/2021","1,866.84","1,839.72","1,867.56","1,830.63","","0.93%"
"04/20/2021","1,849.61","1,877.57","1,878.03","1,841.96","","-1.66%"
"04/19/2021","1,880.80","1,900.22","1,905.57","1,872.38","","-0.94%"
"04/16/2021","1,898.68","1,899.16","1,902.48","1,891.99","","-0.04%"
"04/15/2021","1,899.37","1,886.25","1,901.75","1,885.44","","0.63%"
"04/14/2021","1,887.49","1,891.39","1,909.33","1,885.99","","0.10%"
"04/13/2021","1,885.68","1,869.11","1,887.70","1,867.65","","0.98%"
"04/12/2021","1,867.35","1,876.02","1,876.44","1,862.04","","-0.64%"
"04/09/2021","1,879.42","1,878.26","1,880.11","1,865.30","","0.13%"
"04/08/2021","1,877.00","1,855.47","1,879.34","1,854.34","","1.12%"
"04/07/2021","1,856.24","1,872.05","1,875.58","1,851.58","","-0.72%"
"04/06/2021","1,869.78","1,868.52","1,878.49","1,867.14","","-0.18%"
"04/05/2021","1,873.12","1,855.95","1,874.91","1,855.03","","1.00%"
"04/02/2021","1,854.50","1,854.91","1,855.86","1,854.07","","0.21%"
"04/01/2021","1,850.66","1,821.02","1,856.48","1,814.73","","1.79%"
"03/31/2021","1,818.03","1,797.95","1,825.60","1,796.42","","0.95%"
"03/30/2021","1,800.87","1,795.82","1,804.52","1,779.27","","0.15%"
"03/29/2021","1,798.24","1,826.06","1,827.47","1,794.20","","-1.51%"
"03/26/2021","1,825.87","1,800.46","1,826.18","1,797.22","","1.65%"
"03/25/2021","1,796.25","1,791.18","1,799.92","1,763.42","","0.37%"
"03/24/2021","1,789.62","1,825.45","1,830.01","1,789.15","","-2.32%"
"03/23/2021","1,832.10","1,868.93","1,870.34","1,827.88","","-2.16%"
"03/22/2021","1,872.50","1,859.56","1,881.47","1,855.82","","0.57%"
"03/19/2021","1,861.84","1,854.41","1,872.19","1,840.17","","0.22%"
"03/18/2021","1,857.72","1,903.90","1,907.92","1,854.89","","-2.15%"
"03/17/2021","1,898.56","1,892.10","1,907.83","1,868.30","","0.28%"
"03/16/2021","1,893.27","1,901.68","1,916.47","1,884.51","","-0.23%"
"03/15/2021","1,897.72","1,878.20","1,898.36","1,877.58","","0.98%"
"03/12/2021","1,879.37","1,887.89","1,888.48","1,852.99","","-0.11%"
"03/11/2021","1,881.48","1,823.82","1,884.88","1,822.74","","3.41%"
"03/10/2021","1,819.51","1,814.04","1,847.36","1,812.00","","0.38%"
"03/09/2021","1,812.71","1,759.76","1,822.07","1,758.03","","2.97%"
"03/08/2021","1,760.42","1,794.84","1,805.35","1,759.34","","-2.23%"
"03/05/2021","1,800.56","1,796.21","1,807.87","1,738.35","","-0.15%"
"03/04/2021","1,803.35","1,851.06","1,857.12","1,781.55","","-2.86%"
"03/03/2021","1,856.50","1,898.43","1,905.35","1,855.49","","-2.22%"
"03/02/2021","1,898.74","1,934.69","1,944.24","1,898.63","","-2.08%"
"03/01/2021","1,939.08","1,891.54","1,939.36","1,889.77","","2.66%"
"02/26/2021","1,888.87","1,893.75","1,904.19","1,866.36","","-0.85%"
"02/25/2021","1,905.04","1,957.96","1,961.17","1,895.49","","-2.44%"
"02/24/2021","1,952.71","1,929.85","1,955.81","1,906.22","","0.76%"
"02/23/2021","1,938.02","1,968.69","1,969.13","1,884.38","","-1.49%"
"02/22/2021","1,967.38","2,009.55","2,011.23","1,964.76","","-2.07%"
"02/19/2021","2,009.01","1,991.93","2,021.02","1,989.49","","0.69%"
"02/18/2021","1,995.23","2,017.69","2,019.76","1,976.20","","-1.41%"
"02/17/2021","2,023.69","2,057.68","2,058.25","2,005.64","","-1.66%"
"02/16/2021","2,057.80","2,071.90","2,082.08","2,050.82","","-0.54%"
"02/15/2021","2,069.04","2,067.78","2,070.16","2,067.21","","0.16%"
"02/12/2021","2,065.65","2,043.46","2,069.38","2,033.27","","1.49%"
"02/11/2021","2,035.35","2,030.02","2,046.13","2,014.86","","0.27%"
"02/10/2021","2,029.92","2,035.95","2,052.41","2,012.31","","-0.27%"
"02/09/2021","2,035.45","2,025.01","2,036.82","2,014.05","","0.64%"
"02/08/2021","2,022.48","1,987.91","2,022.48","1,987.38","","1.84%"
"02/05/2021","1,986.00","1,962.69","1,986.93","1,962.09","","1.15%"
"02/04/2021","1,963.43","1,937.82","1,963.68","1,937.49","","1.02%"
"02/03/2021","1,943.51","1,928.22","1,950.44","1,926.70","","0.96%"
"02/02/2021","1,925.01","1,927.21","1,939.13","1,910.04","","0.20%"
"02/01/2021","1,921.09","1,881.38","1,925.80","1,879.40","","2.42%"
"01/29/2021","1,875.70","1,907.16","1,923.57","1,871.81","","-2.05%"
"01/28/2021","1,915.04","1,982.38","1,984.52","1,905.02","","-3.63%"
"01/27/2021","1,987.26","1,969.13","2,021.45","1,937.41","","0.88%"
"01/26/2021","1,970.02","1,963.15","1,977.86","1,949.47","","0.21%"
"01/25/2021","1,965.86","1,946.24","2,014.99","1,942.26","","1.12%"
"01/22/2021","1,944.04","1,929.91","1,945.39","1,915.89","","0.69%"
"01/21/2021","1,930.78","1,926.09","1,936.54","1,920.76","","0.35%"
"01/20/2021","1,923.99","1,899.84","1,934.09","1,897.94","","1.56%"
"01/19/2021","1,894.53","1,850.30","1,896.06","1,848.57","","2.67%"
"01/18/2021","1,845.32","1,845.08","1,846.43","1,841.92","","-0.18%"
"01/15/2021","1,848.60","1,868.31","1,875.45","1,845.47","","-1.22%"
"01/14/2021","1,871.49","1,834.62","1,873.11","1,823.37","","1.93%"
"01/13/2021","1,836.09","1,839.23","1,843.73","1,831.28","","0.13%"
"01/12/2021","1,833.63","1,836.54","1,843.17","1,829.85","","-0.19%"
"01/11/2021","1,837.12","1,834.12","1,842.82","1,816.61","","-0.03%"
"01/08/2021","1,837.65","1,816.47","1,846.39","1,814.55","","1.53%"
"01/07/2021","1,809.93","1,766.99","1,811.53","1,762.51","","2.84%"
"01/06/2021","1,759.92","1,767.70","1,777.13","1,749.53","","-0.45%"
"01/05/2021","1,767.92","1,748.62","1,769.78","1,746.80","","1.12%"
"01/04/2021","1,748.35","1,755.16","1,778.26","1,736.12","","-0.32%"
"12/31/2020","1,754.01","1,757.99","1,758.50","1,747.11","","-0.19%"
"12/30/2020","1,757.43","1,743.88","1,761.06","1,741.82","","0.99%"
"12/29/2020","1,740.13","1,748.93","1,763.29","1,736.04","","-0.09%"
"12/28/2020","1,741.73","1,743.96","1,759.66","1,741.45","","-0.05%"
"12/24/2020","1,742.68","1,743.87","1,748.04","1,738.58","","0.20%"
"12/23/2020","1,739.25","1,732.96","1,748.69","1,731.57","","0.45%"
"12/22/2020","1,731.41","1,715.55","1,733.71","1,713.39","","0.64%"
"12/21/2020","1,720.45","1,725.96","1,726.82","1,695.73","","-0.45%"
"12/18/2020","1,728.23","1,727.14","1,733.79","1,720.50","","-0.04%"
"12/17/2020","1,728.91","1,707.05","1,728.91","1,706.01","","1.32%"
"12/16/2020","1,706.38","1,698.67","1,708.68","1,697.48","","0.53%"
"12/15/2020","1,697.38","1,679.75","1,698.29","1,679.28","","0.97%"
"12/14/2020","1,681.07","1,677.93","1,693.19","1,677.04","","0.27%"
"12/11/2020","1,676.50","1,679.18","1,681.97","1,662.36","","-0.20%"
"12/10/2020","1,679.81","1,671.25","1,681.95","1,654.21","","0.27%"
"12/09/2020","1,675.35","1,694.58","1,706.19","1,668.44","","-1.03%"
"12/08/2020","1,692.81","1,687.84","1,697.16","1,686.63","","0.27%"
"12/07/2020","1,688.32","1,689.46","1,697.75","1,684.18","","-0.32%"
"12/04/2020","1,693.76","1,663.14","1,694.15","1,660.09","","1.87%"
"12/03/2020","1,662.70","1,649.08","1,668.37","1,647.88","","0.84%"
"12/02/2020","1,648.77","1,646.73","1,650.47","1,631.75","","0.35%"
"12/01/2020","1,642.94","1,634.04","1,658.17","1,633.09","","0.70%"
"11/30/2020","1,631.52","1,654.32","1,657.14","1,623.73","","-1.45%"
"11/27/2020","1,655.57","1,632.07","1,660.93","1,629.83","","1.76%"
"11/26/2020","1,627.01","1,622.72","1,628.07","1,623.91","","0.26%"
"11/25/2020","1,622.72","1,603.14","1,625.50","1,595.59","","1.32%"
"11/24/2020","1,601.58","1,586.18","1,602.27","1,584.79","","1.35%"
"11/23/2020","1,580.17","1,571.01","1,583.24","1,568.12","","0.66%"
"11/20/2020","1,569.86","1,558.52","1,575.57","1,557.51","","0.82%"
"11/19/2020","1,557.11","1,535.09","1,558.80","1,532.73","","1.28%"
"11/18/2020","1,537.46","1,541.73","1,549.81","1,535.45","","-0.18%"
"11/17/2020","1,540.18","1,533.85","1,542.47","1,526.40","","0.61%"
"11/16/2020","1,530.91","1,514.64","1,531.61","1,513.42","","1.87%"
"11/13/2020","1,502.88","1,490.87","1,508.36","1,489.45","","0.46%"
"11/12/2020","1,495.96","1,500.44","1,508.82","1,491.50","","-0.20%"
"11/11/2020","1,498.93","1,481.41","1,500.14","1,480.73","","1.49%"
"11/10/2020","1,476.99","1,491.76","1,494.00","1,465.83","","-0.85%"
"11/09/2020","1,489.70","1,486.57","1,518.27","1,485.63","","0.56%"
"11/06/2020","1,481.38","1,474.48","1,485.03","1,468.79","","0.55%"
"11/05/2020","1,473.35","1,440.23","1,477.05","1,438.42","","2.61%"
"11/04/2020","1,435.93","1,407.44","1,443.15","1,403.73","","2.21%"
"11/03/2020","1,404.93","1,375.97","1,408.23","1,375.70","","2.16%"
"11/02/2020","1,375.20","1,368.38","1,386.62","1,365.88","","1.05%"
"10/30/2020","1,360.87","1,382.03","1,382.21","1,352.71","","-1.65%"
"10/29/2020","1,383.66","1,372.09","1,389.28","1,370.08","","0.73%"
"10/28/2020","1,373.65","1,405.69","1,408.82","1,373.01","","-2.50%"
"10/27/2020","1,408.82","1,404.01","1,418.84","1,403.90","","0.33%"
"10/26/2020","1,404.18","1,438.51","1,440.03","1,394.34","","-2.58%"
"10/23/2020","1,441.43","1,436.93","1,442.88","1,433.56","","0.38%"
"10/22/2020","1,436.03","1,430.85","1,436.82","1,419.83","","0.03%"
"10/21/2020","1,435.58","1,446.08","1,449.58","1,434.44","","-0.36%"
"10/20/2020","1,440.83","1,441.27","1,451.45","1,440.24","","-0.10%"
"10/19/2020","1,442.21","1,447.66","1,459.33","1,439.78","","0.08%"
"10/16/2020","1,441.07","1,438.40","1,451.29","1,436.84","","-0.07%"
"10/15/2020","1,442.10","1,447.98","1,449.70","1,424.49","","-0.78%"
"10/14/2020","1,453.51","1,452.96","1,462.86","1,447.52","","-0.10%"
"10/13/2020","1,454.96","1,455.78","1,457.94","1,449.91","","-0.01%"
"10/12/2020","1,455.13","1,444.42","1,458.39","1,443.77","","0.74%"
"10/09/2020","1,444.40","1,421.14","1,445.91","1,420.90","","1.60%"
"10/08/2020","1,421.68","1,410.20","1,424.32","1,409.99","","0.91%"
"10/07/2020","1,408.83","1,387.77","1,411.41","1,387.13","","1.57%"
"10/06/2020","1,387.06","1,390.51","1,405.76","1,384.57","","-0.14%"
"10/05/2020","1,388.99","1,366.12","1,388.99","1,365.39","","2.07%"
"10/02/2020","1,360.81","1,376.46","1,376.60","1,352.07","","-1.14%"
"10/01/2020","1,376.52","1,363.45","1,380.07","1,363.19","","1.00%"
"09/30/2020","1,362.88","1,362.72","1,372.71","1,358.24","","-0.12%"
"09/29/2020","1,364.46","1,360.06","1,368.80","1,357.17","","0.54%"
"09/28/2020","1,357.16","1,337.01","1,362.09","1,335.95","","1.77%"
"09/25/2020","1,333.55","1,315.21","1,335.32","1,312.54","","1.52%"
"09/24/2020","1,313.63","1,317.06","1,323.31","1,303.25","","-0.53%"
"09/23/2020","1,320.66","1,339.91","1,345.80","1,318.63","","-1.40%"
"09/22/2020","1,339.43","1,334.37","1,340.53","1,325.93","","0.35%"
"09/21/2020","1,334.77","1,357.80","1,357.91","1,318.92","","-1.70%"
"09/18/2020","1,357.80","1,358.21","1,369.53","1,346.64","","0.03%"
"09/17/2020","1,357.38","1,366.60","1,367.70","1,347.60","","-1.02%"
"09/16/2020","1,371.33","1,379.60","1,386.97","1,369.76","","-0.55%"
"09/15/2020","1,378.88","1,364.52","1,381.32","1,363.55","","1.01%"
"09/14/2020","1,365.03","1,342.54","1,367.08","1,342.02","","2.06%"
"09/11/2020","1,337.42","1,338.09","1,348.45","1,329.80","","-0.10%"
"09/10/2020","1,338.76","1,353.73","1,363.90","1,334.19","","-0.81%"
"09/09/2020","1,349.64","1,323.72","1,353.79","1,323.49","","1.68%"
"09/08/2020","1,327.37","1,361.17","1,363.74","1,323.92","","-1.82%"
"09/04/2020","1,351.95","1,371.29","1,376.88","1,323.95","","-1.79%"
"09/03/2020","1,376.63","1,438.94","1,441.42","1,370.86","","-4.23%"
"09/02/2020","1,437.43","1,425.13","1,438.92","1,419.74","","0.85%"
"09/01/2020","1,425.37","1,406.10","1,425.40","1,402.65","","1.44%"
"08/31/2020","1,405.11","1,405.10","1,407.62","1,398.67","","0.34%"
"08/28/2020","1,400.28","1,391.38","1,401.68","1,386.71","","0.81%"
"08/27/2020","1,389.01","1,396.65","1,402.82","1,383.30","","-0.57%"
"08/26/2020","1,396.94","1,368.67","1,399.47","1,367.67","","2.08%"
"08/25/2020","1,368.42","1,358.67","1,369.33","1,356.80","","0.95%"
"08/24/2020","1,355.48","1,344.82","1,362.02","1,344.68","","0.86%"
"08/21/2020","1,343.91","1,348.24","1,349.67","1,338.19","","-0.03%"
"08/20/2020","1,344.34","1,342.56","1,347.10","1,331.19","","-0.33%"
"08/19/2020","1,348.75","1,355.05","1,356.29","1,345.69","","-0.38%"
"08/18/2020","1,353.90","1,356.77","1,361.53","1,350.05","","-0.06%"
"08/17/2020","1,354.72","1,339.92","1,355.58","1,339.76","","0.98%"
"08/14/2020","1,341.57","1,348.79","1,349.53","1,338.93","","-0.68%"
"08/13/2020","1,350.82","1,345.75","1,356.86","1,342.29","","0.75%"
"08/12/2020","1,340.83","1,325.60","1,342.16","1,324.41","","1.19%"
"08/11/2020","1,325.07","1,331.10","1,338.54","1,322.90","","-0.14%"
"08/10/2020","1,326.91","1,331.83","1,334.66","1,318.02","","-0.36%"
"08/07/2020","1,331.71","1,341.10","1,344.32","1,322.20","","-0.84%"
"08/06/2020","1,343.01","1,341.18","1,345.69","1,334.30","","0.18%"
"08/05/2020","1,340.61","1,328.16","1,341.87","1,326.54","","1.10%"
"08/04/2020","1,325.98","1,325.70","1,329.60","1,319.26","","0.28%"
"08/03/2020","1,322.23","1,304.93","1,324.53","1,304.12","","1.43%"
"07/31/2020","1,303.58","1,314.25","1,315.29","1,289.50","","-1.00%"
"07/30/2020","1,316.79","1,323.67","1,324.53","1,300.55","","-0.51%"
"07/29/2020","1,323.60","1,302.12","1,327.85","1,300.51","","1.38%"
"07/28/2020","1,305.53","1,314.21","1,315.96","1,304.47","","-0.75%"
"07/27/2020","1,315.45","1,293.58","1,315.53","1,292.71","","1.78%"
"07/24/2020","1,292.47","1,311.07","1,311.65","1,285.13","","-1.42%"
"07/23/2020","1,311.15","1,318.67","1,329.19","1,305.67","","-0.57%"
"07/22/2020","1,318.72","1,319.94","1,325.67","1,314.02","","-0.03%"
"07/21/2020","1,319.07","1,321.04","1,331.14","1,318.23","","0.03%"
"07/20/2020","1,318.63","1,291.55","1,319.96","1,289.59","","2.07%"
"07/17/2020","1,291.90","1,283.06","1,294.07","1,281.92","","0.48%"
"07/16/2020","1,285.68","1,296.80","1,298.72","1,279.33","","-1.23%"
"07/15/2020","1,301.64","1,282.30","1,303.50","1,281.75","","1.68%"
"07/14/2020","1,280.19","1,270.86","1,280.20","1,253.97","","0.52%"
"07/13/2020","1,273.60","1,290.15","1,304.77","1,272.07","","-0.96%"
"07/10/2020","1,285.91","1,287.65","1,289.29","1,278.64","","-0.19%"
"07/09/2020","1,288.40","1,287.51","1,296.62","1,274.14","","0.14%"
"07/08/2020","1,286.59","1,282.32","1,291.63","1,278.45","","0.35%"
"07/07/2020","1,282.06","1,291.86","1,296.03","1,280.87","","-0.87%"
"07/06/2020","1,293.30","1,273.45","1,300.31","1,273.45","","2.22%"
"07/03/2020","1,265.26","1,265.26","1,265.26","1,265.26","","0.00%"
"07/02/2020","1,265.26","1,255.78","1,272.11","1,254.41","","0.66%"
"07/01/2020","1,257.01","1,258.32","1,261.42","1,252.49","","-0.09%"
"06/30/2020","1,258.14","1,242.89","1,260.13","1,240.74","","1.59%"
"06/29/2020","1,238.41","1,234.47","1,240.57","1,222.75","","0.02%"
"06/26/2020","1,238.20","1,243.37","1,254.41","1,233.63","","-0.25%"
"06/25/2020","1,241.36","1,231.02","1,242.12","1,218.64","","0.55%"
"06/24/2020","1,234.59","1,260.93","1,261.52","1,229.66","","-2.11%"
"06/23/2020","1,261.19","1,254.27","1,268.36","1,252.57","","0.74%"
"06/22/2020","1,251.88","1,245.58","1,253.25","1,239.12","","0.73%"
"06/19/2020","1,242.79","1,244.22","1,258.98","1,239.50","","-0.03%"
"06/18/2020","1,243.21","1,245.23","1,246.03","1,237.13","","-0.22%"
"06/17/2020","1,245.94","1,244.60","1,254.03","1,243.02","","0.23%"
"06/16/2020","1,243.04","1,222.27","1,253.35","1,221.43","","2.56%"
"06/15/2020","1,212.05","1,201.92","1,216.42","1,177.59","","0.52%"
"06/12/2020","1,205.83","1,197.95","1,226.54","1,188.95","","0.07%"
"06/11/2020","1,204.96","1,264.86","1,269.26","1,202.62","","-5.17%"
"06/10/2020","1,270.62","1,270.59","1,278.45","1,266.35","","-0.05%"
"06/09/2020","1,271.20","1,274.28","1,277.19","1,264.38","","-0.38%"
"06/08/2020","1,276.08","1,267.73","1,277.28","1,264.63","","0.76%"
"06/05/2020","1,266.42","1,251.90","1,274.94","1,250.00","","1.09%"
"06/04/2020","1,252.76","1,258.40","1,261.14","1,247.08","","-0.57%"
"06/03/2020","1,259.95","1,244.43","1,262.06","1,243.45","","1.46%"
"06/02/2020","1,241.85","1,231.83","1,242.06","1,228.08","","1.00%"
"06/01/2020","1,229.50","1,221.90","1,233.74","1,218.64","","1.02%"
"05/29/2020","1,217.12","1,209.79","1,217.69","1,201.66","","0.49%"
"05/28/2020","1,211.16","1,207.00","1,228.37","1,205.90","","0.48%"
"05/27/2020","1,205.32","1,198.43","1,206.81","1,179.18","","0.46%"
"05/26/2020","1,199.78","1,178.72","1,208.38","1,178.72","","2.18%"
"05/25/2020","1,174.13","1,174.13","1,174.13","1,174.13","","0.00%"
"05/22/2020","1,174.13","1,165.35","1,174.14","1,161.81","","0.48%"
"05/21/2020","1,168.48","1,174.38","1,178.89","1,163.62","","-0.60%"
"05/20/2020","1,175.57","1,157.60","1,182.02","1,154.89","","1.96%"
"05/19/2020","1,153.01","1,151.20","1,166.75","1,149.22","","0.63%"
"05/18/2020","1,145.77","1,106.63","1,149.60","1,105.87","","4.04%"
"05/15/2020","1,101.33","1,089.47","1,101.98","1,083.57","","1.36%"
"05/14/2020","1,086.57","1,090.88","1,091.97","1,059.83","","-0.75%"
"05/13/2020","1,094.76","1,112.64","1,114.54","1,086.36","","-1.76%"
"05/12/2020","1,114.32","1,133.34","1,137.73","1,113.80","","-1.79%"
"05/11/2020","1,134.63","1,133.32","1,138.90","1,122.07","","0.40%"
"05/08/2020","1,130.10","1,117.39","1,131.64","1,116.86","","1.65%"
"05/07/2020","1,111.71","1,093.27","1,117.30","1,092.53","","1.88%"
"05/06/2020","1,091.20","1,083.81","1,098.09","1,083.66","","0.76%"
"05/05/2020","1,083.02","1,065.89","1,091.25","1,065.62","","1.70%"
"05/04/2020","1,064.92","1,063.57","1,065.23","1,048.76","","-0.03%"
"05/01/2020","1,065.21","1,093.24","1,094.01","1,061.03","","-2.98%"
"04/30/2020","1,097.89","1,113.40","1,116.83","1,095.76","","-0.84%"
"04/29/2020","1,107.15","1,072.67","1,110.54","1,072.13","","3.36%"
"04/28/2020","1,071.16","1,068.92","1,085.59","1,064.86","","0.33%"
"04/27/2020","1,067.59","1,042.97","1,069.72","1,042.55","","2.93%"
"04/24/2020","1,037.16","1,027.83","1,039.57","1,024.68","","0.87%"
"04/23/2020","1,028.26","1,022.99","1,039.23","1,022.47","","0.72%"
"04/22/2020","1,020.86","1,003.72","1,023.48","1,002.65","","1.48%"
"04/21/2020","1,005.94","1,031.51","1,032.70","1,001.77","","-2.92%"
"04/20/2020","1,036.25","1,036.57","1,045.88","1,027.13","","-0.08%"
"04/17/2020","1,037.04","1,014.14","1,039.59","1,013.32","","2.64%"
"04/16/2020","1,010.34","996.71","1,010.55","996.44","","1.06%"
"04/15/2020","999.75","1,026.62","1,026.97","993.50","","-2.56%"
"04/14/2020","1,026.01","996.82","1,027.47","995.99","","3.50%"
"04/13/2020","991.34","994.63","994.66","978.40","","-0.21%"
"04/09/2020","993.39","984.38","1,007.28","983.21","","0.98%"
"04/08/2020","983.74","958.86","985.82","957.36","","2.60%"
"04/07/2020","958.84","950.47","984.50","949.74","","1.14%"
"04/06/2020","948.04","884.88","949.71","884.04","","7.46%"
"04/03/2020","882.25","900.96","903.43","877.07","","-2.32%"
"04/02/2020","903.24","904.02","913.35","891.14","","-0.10%"
"04/01/2020","904.17","951.14","952.29","899.67","","-5.10%"
"03/31/2020","952.74","952.09","966.20","948.50","","-0.20%"
"03/30/2020","954.66","936.88","955.69","932.87","","1.49%"
"03/27/2020","940.69","966.04","968.51","931.69","","-2.06%"
"03/26/2020","960.51","916.70","961.97","913.66","","4.87%"
"03/25/2020","915.87","902.62","938.80","897.12","","2.38%"
"03/24/2020","894.56","824.99","894.56","824.74","","9.53%"
"03/23/2020","816.74","824.15","828.88","800.98","","-1.00%"
"03/20/2020","825.00","832.40","864.58","822.64","","-0.61%"
"03/19/2020","830.10","814.38","835.68","791.34","","1.16%"
"03/18/2020","820.62","876.71","877.68","799.68","","-6.10%"
"03/17/2020","873.89","854.48","882.34","838.50","","2.50%"
"03/16/2020","852.61","934.87","936.71","841.15","","-8.69%"
"03/13/2020","933.74","884.83","933.74","884.51","","3.99%"
"03/12/2020","897.88","988.90","990.50","897.57","","-9.95%"
"03/11/2020","997.08","1,036.13","1,037.35","989.14","","-4.20%"
"03/10/2020","1,040.74","1,011.46","1,042.75","1,008.75","","2.73%"
"03/09/2020","1,013.09","1,091.99","1,093.20","1,012.30","","-7.80%"
"03/06/2020","1,098.78","1,127.19","1,128.42","1,083.61","","-2.93%"
"03/05/2020","1,131.89","1,154.78","1,157.18","1,127.20","","-1.81%"
"03/04/2020","1,152.72","1,134.67","1,152.86","1,132.42","","1.72%"
"03/03/2020","1,133.21","1,145.07","1,164.72","1,127.21","","-1.14%"
"03/02/2020","1,146.29","1,126.81","1,146.47","1,117.79","","2.12%"
"02/28/2020","1,122.45","1,127.31","1,128.04","1,093.48","","-0.99%"
"02/27/2020","1,133.62","1,173.61","1,174.67","1,130.40","","-3.75%"
"02/26/2020","1,177.77","1,178.56","1,195.13","1,170.58","","-0.30%"
"02/25/2020","1,181.26","1,206.93","1,215.44","1,179.32","","-2.53%"
"02/24/2020","1,211.97","1,248.55","1,248.76","1,206.44","","-3.09%"
"02/21/2020","1,250.60","1,271.37","1,271.95","1,247.71","","-1.56%"
"02/20/2020","1,270.48","1,274.48","1,276.96","1,258.32","","-0.36%"
"02/19/2020","1,275.07","1,269.96","1,277.60","1,267.43","","0.46%"
"02/18/2020","1,269.22","1,264.15","1,273.23","1,264.15","","-0.98%"
"02/14/2020","1,281.73","1,281.89","1,284.68","1,279.23","","-0.14%"
"02/13/2020","1,283.59","1,280.31","1,284.77","1,271.32","","0.17%"
"02/12/2020","1,281.44","1,271.21","1,281.47","1,269.85","","0.93%"
"02/11/2020","1,269.64","1,256.34","1,272.77","1,256.21","","1.07%"
"02/10/2020","1,256.26","1,252.02","1,256.34","1,247.74","","0.10%"
"02/07/2020","1,255.02","1,271.07","1,272.62","1,253.72","","-1.31%"
"02/06/2020","1,271.67","1,265.22","1,274.22","1,263.31","","0.78%"
"02/05/2020","1,261.81","1,260.27","1,271.52","1,257.79","","0.36%"
"02/04/2020","1,257.34","1,230.00","1,259.42","1,229.16","","2.33%"
"02/03/2020","1,228.71","1,216.44","1,230.72","1,214.75","","0.49%"
"01/31/2020","1,222.68","1,240.14","1,241.12","1,220.89","","-1.36%"
"01/30/2020","1,239.52","1,240.22","1,241.94","1,230.69","","-0.37%"
"01/29/2020","1,244.07","1,248.23","1,253.82","1,244.03","","-0.38%"
"01/28/2020","1,248.79","1,234.80","1,251.07","1,234.04","","0.92%"
"01/27/2020","1,237.36","1,263.53","1,264.26","1,234.56","","-2.35%"
"01/24/2020","1,267.14","1,269.63","1,279.23","1,263.13","","-0.26%"
"01/23/2020","1,270.38","1,265.36","1,270.87","1,262.93","","0.28%"
"01/22/2020","1,266.88","1,265.56","1,275.67","1,265.31","","0.14%"
"01/21/2020","1,265.08","1,268.29","1,268.29","1,263.36","","-0.34%"
"01/17/2020","1,269.36","1,269.42","1,275.76","1,268.12","","0.11%"
"01/16/2020","1,267.98","1,253.77","1,268.01","1,253.14","","1.04%"
"01/15/2020","1,254.91","1,249.52","1,258.46","1,249.32","","0.20%"
"01/14/2020","1,252.44","1,252.25","1,260.55","1,250.66","","0.11%"
"01/13/2020","1,251.12","1,237.33","1,251.34","1,234.75","","1.08%"
"01/10/2020","1,237.70","1,236.04","1,244.27","1,234.83","","0.58%"
"01/09/2020","1,230.54","1,221.98","1,231.89","1,221.66","","1.01%"
"01/08/2020","1,218.21","1,211.30","1,220.74","1,208.89","","0.37%"
"01/07/2020","1,213.71","1,211.10","1,216.56","1,208.53","","0.55%"
"01/06/2020","1,207.13","1,207.09","1,207.39","1,199.48","","-0.30%"
"01/03/2020","1,210.77","1,215.27","1,215.54","1,203.27","","-0.43%"
"01/02/2020","1,216.04","1,216.04","1,216.05","1,201.28","","1.12%"
"12/31/2019","1,202.59","1,200.38","1,205.57","1,199.09","","0.22%"